-- CREATING COUNTRIES
/*
INSERT INTO countries (name) VALUES ('Afghanistan');
INSERT INTO countries (name) VALUES ('Albania');
INSERT INTO countries (name) VALUES ('Algeria');
INSERT INTO countries (name) VALUES ('American Samoa');
INSERT INTO countries (name) VALUES ('Andorra');
INSERT INTO countries (name) VALUES ('Angola');
INSERT INTO countries (name) VALUES ('Anguilla');
INSERT INTO countries (name) VALUES ('Antarctica');
INSERT INTO countries (name) VALUES ('Antigua and Barbuda');
INSERT INTO countries (name) VALUES ('Argentina');
INSERT INTO countries (name) VALUES ('Armenia');
INSERT INTO countries (name) VALUES ('Aruba');
INSERT INTO countries (name) VALUES ('Australia');
INSERT INTO countries (name) VALUES ('Austria');
INSERT INTO countries (name) VALUES ('Azerbaijan');
INSERT INTO countries (name) VALUES ('Bahamas');
INSERT INTO countries (name) VALUES ('Bahrain');
INSERT INTO countries (name) VALUES ('Bangladesh');
INSERT INTO countries (name) VALUES ('Barbados');
INSERT INTO countries (name) VALUES ('Belarus');
INSERT INTO countries (name) VALUES ('Belgium');
INSERT INTO countries (name) VALUES ('Belize');
INSERT INTO countries (name) VALUES ('Benin');
INSERT INTO countries (name) VALUES ('Bermuda');
INSERT INTO countries (name) VALUES ('Bhutan');
INSERT INTO countries (name) VALUES ('Bolivia');
INSERT INTO countries (name) VALUES ('Bosnia and Herzegovina');
INSERT INTO countries (name) VALUES ('Botswana');
INSERT INTO countries (name) VALUES ('Bouvet Island');
INSERT INTO countries (name) VALUES ('Brazil');
INSERT INTO countries (name) VALUES ('British Indian Ocean Territory');
INSERT INTO countries (name) VALUES ('Brunei Darussalam');
INSERT INTO countries (name) VALUES ('Bulgaria');
INSERT INTO countries (name) VALUES ('Burkina Faso');
INSERT INTO countries (name) VALUES ('Burundi');
INSERT INTO countries (name) VALUES ('Cambodia');
INSERT INTO countries (name) VALUES ('Cameroon');
INSERT INTO countries (name) VALUES ('Canada');
INSERT INTO countries (name) VALUES ('Cape Verde');
INSERT INTO countries (name) VALUES ('Cayman Islands');
INSERT INTO countries (name) VALUES ('Central African Republic');
INSERT INTO countries (name) VALUES ('Chad');
INSERT INTO countries (name) VALUES ('Chile');
INSERT INTO countries (name) VALUES ('China');
INSERT INTO countries (name) VALUES ('Christmas Island');
INSERT INTO countries (name) VALUES ('Cocos (Keeling) Islands');
INSERT INTO countries (name) VALUES ('Colombia');
INSERT INTO countries (name) VALUES ('Comoros');
INSERT INTO countries (name) VALUES ('Congo');
INSERT INTO countries (name) VALUES ('Cook Islands');
INSERT INTO countries (name) VALUES ('Costa Rica');
INSERT INTO countries (name) VALUES ('Croatia (Hrvatska)');
INSERT INTO countries (name) VALUES ('Cuba');
INSERT INTO countries (name) VALUES ('Cyprus');
INSERT INTO countries (name) VALUES ('Czech Republic');
INSERT INTO countries (name) VALUES ('Denmark');
INSERT INTO countries (name) VALUES ('Djibouti');
INSERT INTO countries (name) VALUES ('Dominica');
INSERT INTO countries (name) VALUES ('Dominican Republic');
INSERT INTO countries (name) VALUES ('East Timor');
INSERT INTO countries (name) VALUES ('Ecuador');
INSERT INTO countries (name) VALUES ('Egypt');
INSERT INTO countries (name) VALUES ('El Salvador');
INSERT INTO countries (name) VALUES ('Equatorial Guinea');
INSERT INTO countries (name) VALUES ('Eritrea');
INSERT INTO countries (name) VALUES ('Estonia');
INSERT INTO countries (name) VALUES ('Ethiopia');
INSERT INTO countries (name) VALUES ('Falkland Islands (Malvinas)');
INSERT INTO countries (name) VALUES ('Faroe Islands');
INSERT INTO countries (name) VALUES ('Fiji');
INSERT INTO countries (name) VALUES ('Finland');
INSERT INTO countries (name) VALUES ('France');
INSERT INTO countries (name) VALUES ('France, Metropolitan');
INSERT INTO countries (name) VALUES ('French Guiana');
INSERT INTO countries (name) VALUES ('French Polynesia');
INSERT INTO countries (name) VALUES ('French Southern Territories');
INSERT INTO countries (name) VALUES ('Gabon');
INSERT INTO countries (name) VALUES ('Gambia');
INSERT INTO countries (name) VALUES ('Georgia');
INSERT INTO countries (name) VALUES ('Germany');
INSERT INTO countries (name) VALUES ('Ghana');
INSERT INTO countries (name) VALUES ('Gibraltar');
INSERT INTO countries (name) VALUES ('Guernsey');
INSERT INTO countries (name) VALUES ('Greece');
INSERT INTO countries (name) VALUES ('Greenland');
INSERT INTO countries (name) VALUES ('Grenada');
INSERT INTO countries (name) VALUES ('Guadeloupe');
INSERT INTO countries (name) VALUES ('Guam');
INSERT INTO countries (name) VALUES ('Guatemala');
INSERT INTO countries (name) VALUES ('Guinea');
INSERT INTO countries (name) VALUES ('Guinea-Bissau');
INSERT INTO countries (name) VALUES ('Guyana');
INSERT INTO countries (name) VALUES ('Haiti');
INSERT INTO countries (name) VALUES ('Heard and Mc Donald Islands');
INSERT INTO countries (name) VALUES ('Honduras');
INSERT INTO countries (name) VALUES ('Hong Kong');
INSERT INTO countries (name) VALUES ('Hungary');
INSERT INTO countries (name) VALUES ('Iceland');
INSERT INTO countries (name) VALUES ('India');
INSERT INTO countries (name) VALUES ('Isle of Man');
INSERT INTO countries (name) VALUES ('Indonesia');
INSERT INTO countries (name) VALUES ('Iran (Islamic Republic of)');
INSERT INTO countries (name) VALUES ('Iraq');
INSERT INTO countries (name) VALUES ('Ireland');
INSERT INTO countries (name) VALUES ('Israel');
INSERT INTO countries (name) VALUES ('Italy');
INSERT INTO countries (name) VALUES ('Ivory Coast');
INSERT INTO countries (name) VALUES ('Jersey');
INSERT INTO countries (name) VALUES ('Jamaica');
INSERT INTO countries (name) VALUES ('Japan');
INSERT INTO countries (name) VALUES ('Jordan');
INSERT INTO countries (name) VALUES ('Kazakhstan');
INSERT INTO countries (name) VALUES ('Kenya');
INSERT INTO countries (name) VALUES ('Kiribati');
INSERT INTO countries (name) VALUES ('Korea, Democratic People''s Republic of');
INSERT INTO countries (name) VALUES ('Korea, Republic of');
INSERT INTO countries (name) VALUES ('Kosovo');
INSERT INTO countries (name) VALUES ('Kuwait');
INSERT INTO countries (name) VALUES ('Kyrgyzstan');
INSERT INTO countries (name) VALUES ('Lao People''s Democratic Republic');
INSERT INTO countries (name) VALUES ('Latvia');
INSERT INTO countries (name) VALUES ('Lebanon');
INSERT INTO countries (name) VALUES ('Lesotho');
INSERT INTO countries (name) VALUES ('Liberia');
INSERT INTO countries (name) VALUES ('Libyan Arab Jamahiriya');
INSERT INTO countries (name) VALUES ('Liechtenstein');
INSERT INTO countries (name) VALUES ('Lithuania');
INSERT INTO countries (name) VALUES ('Luxembourg');
INSERT INTO countries (name) VALUES ('Macau');
INSERT INTO countries (name) VALUES ('Macedonia');
INSERT INTO countries (name) VALUES ('Madagascar');
INSERT INTO countries (name) VALUES ('Malawi');
INSERT INTO countries (name) VALUES ('Malaysia');
INSERT INTO countries (name) VALUES ('Maldives');
INSERT INTO countries (name) VALUES ('Mali');
INSERT INTO countries (name) VALUES ('Malta');
INSERT INTO countries (name) VALUES ('Marshall Islands');
INSERT INTO countries (name) VALUES ('Martinique');
INSERT INTO countries (name) VALUES ('Mauritania');
INSERT INTO countries (name) VALUES ('Mauritius');
INSERT INTO countries (name) VALUES ( 'Mayotte');
INSERT INTO countries (name) VALUES ('Mexico');
INSERT INTO countries (name) VALUES ('Micronesia, Federated States of');
INSERT INTO countries (name) VALUES ('Moldova, Republic of');
INSERT INTO countries (name) VALUES ('Monaco');
INSERT INTO countries (name) VALUES ('Mongolia');
INSERT INTO countries (name) VALUES ('Montenegro');
INSERT INTO countries (name) VALUES ('Montserrat');
INSERT INTO countries (name) VALUES ('Morocco');
INSERT INTO countries (name) VALUES ('Mozambique');
INSERT INTO countries (name) VALUES ('Myanmar');
INSERT INTO countries (name) VALUES ('Namibia');
INSERT INTO countries (name) VALUES ('Nauru');
INSERT INTO countries (name) VALUES ('Nepal');
INSERT INTO countries (name) VALUES ('Netherlands');
INSERT INTO countries (name) VALUES ('Netherlands Antilles');
INSERT INTO countries (name) VALUES ('New Caledonia');
INSERT INTO countries (name) VALUES ('New Zealand');
INSERT INTO countries (name) VALUES ('Nicaragua');
INSERT INTO countries (name) VALUES ('Niger');
INSERT INTO countries (name) VALUES ('Nigeria');
INSERT INTO countries (name) VALUES ('Niue');
INSERT INTO countries (name) VALUES ('Norfolk Island');
INSERT INTO countries (name) VALUES ('Northern Mariana Islands');
INSERT INTO countries (name) VALUES ('Norway');
INSERT INTO countries (name) VALUES ('Oman');
INSERT INTO countries (name) VALUES ('Pakistan');
INSERT INTO countries (name) VALUES ('Oman');
INSERT INTO countries (name) VALUES ('Palestine');
INSERT INTO countries (name) VALUES ('Panama');
INSERT INTO countries (name) VALUES ('Northern Mariana Islands');
INSERT INTO countries (name) VALUES ('Paraguay');
INSERT INTO countries (name) VALUES ('Peru');
INSERT INTO countries (name) VALUES ('Philippines');
INSERT INTO countries (name) VALUES ('Pitcairn');
INSERT INTO countries (name) VALUES ('Poland');
INSERT INTO countries (name) VALUES ('Portugal');
INSERT INTO countries (name) VALUES ('Puerto Rico');
INSERT INTO countries (name) VALUES ('Qatar');
INSERT INTO countries (name) VALUES ('Reunion');
INSERT INTO countries (name) VALUES ('Romania');
INSERT INTO countries (name) VALUES ('Russian Federation');
INSERT INTO countries (name) VALUES ('Rwanda');
INSERT INTO countries (name) VALUES ('Saint Kitts and Nevis');
INSERT INTO countries (name) VALUES ('Saint Lucia');
INSERT INTO countries (name) VALUES ('Saint Vincent and the Grenadines');
INSERT INTO countries (name) VALUES ('Samoa');
INSERT INTO countries (name) VALUES ('San Marino');
INSERT INTO countries (name) VALUES ('Sao Tome and Principe');
INSERT INTO countries (name) VALUES ('Saudi Arabia');
INSERT INTO countries (name) VALUES ('Senegal');
INSERT INTO countries (name) VALUES ('Serbia');
INSERT INTO countries (name) VALUES ('Seychelles');
INSERT INTO countries (name) VALUES ('Sierra Leone');
INSERT INTO countries (name) VALUES ('Singapore');
INSERT INTO countries (name) VALUES ('Slovakia');
INSERT INTO countries (name) VALUES ('Slovenia');
INSERT INTO countries (name) VALUES ('Solomon Islands');
INSERT INTO countries (name) VALUES ('Somalia');
INSERT INTO countries (name) VALUES ('South Africa');
INSERT INTO countries (name) VALUES ('South Georgia South Sandwich Islands');
INSERT INTO countries (name) VALUES ('South Sudan');
INSERT INTO countries (name) VALUES ('Spain');
INSERT INTO countries (name) VALUES ('Sri Lanka');
INSERT INTO countries (name) VALUES ('St. Helena');
INSERT INTO countries (name) VALUES ('St. Pierre and Miquelon');
INSERT INTO countries (name) VALUES ('Sudan');
INSERT INTO countries (name) VALUES ('Suriname');
INSERT INTO countries (name) VALUES ('Svalbard and Jan Mayen Islands');
INSERT INTO countries (name) VALUES ('Swaziland');
INSERT INTO countries (name) VALUES ('Sweden');
INSERT INTO countries (name) VALUES ('Switzerland');
INSERT INTO countries (name) VALUES ('Syrian Arab Republic');
INSERT INTO countries (name) VALUES ('Taiwan');
INSERT INTO countries (name) VALUES ('Tajikistan');
INSERT INTO countries (name) VALUES ('Tanzania, United Republic of');
INSERT INTO countries (name) VALUES ('Thailand');
INSERT INTO countries (name) VALUES ('Togo');
INSERT INTO countries (name) VALUES ('Tokelau');
INSERT INTO countries (name) VALUES ('Tonga');
INSERT INTO countries (name) VALUES ('Trinidad and Tobago');
INSERT INTO countries (name) VALUES ('Tunisia');
INSERT INTO countries (name) VALUES ('Turkey');
INSERT INTO countries (name) VALUES ('Turkmenistan');
INSERT INTO countries (name) VALUES ('Turks and Caicos Islands');
INSERT INTO countries (name) VALUES ('Tuvalu');
INSERT INTO countries (name) VALUES ('Uganda');
INSERT INTO countries (name) VALUES ('Ukraine');
INSERT INTO countries (name) VALUES ('United Arab Emirates');
INSERT INTO countries (name) VALUES ('United Kingdom');
INSERT INTO countries (name) VALUES ('United States');
INSERT INTO countries (name) VALUES ('United States minor outlying islands');
INSERT INTO countries (name) VALUES ('Uruguay');
INSERT INTO countries (name) VALUES ('Uzbekistan');
INSERT INTO countries (name) VALUES ('Vanuatu');
INSERT INTO countries (name) VALUES ('Vatican City State');
INSERT INTO countries (name) VALUES ('Venezuela');
INSERT INTO countries (name) VALUES ('Vietnam');
INSERT INTO countries (name) VALUES ('Virgin Islands (British)');
INSERT INTO countries (name) VALUES ('Virgin Islands (U.S.)');
INSERT INTO countries (name) VALUES ('Wallis and Futuna Islands');
INSERT INTO countries (name) VALUES ('Western Sahara');
INSERT INTO countries (name) VALUES ('Yemen');
INSERT INTO countries (name) VALUES ('Zaire');
INSERT INTO countries (name) VALUES ('Zambia');
INSERT INTO countries (name) VALUES ('Zimbabwe');

-- CREATING ROLES
INSERT INTO roles (role_id, name) VALUES (1, 'ROLE_ADMIN');
INSERT INTO roles (role_id, name) VALUES (2, 'ROLE_MANAGER');
INSERT INTO roles (role_id, name) VALUES (3, 'ROLE_CLIENT');

-- CREATING USERS
-- admin
INSERT INTO users (user_id, first_name, last_name, date_of_birth, email, password)
  VALUES (1, 'Admin', 'Lastname', '2000-01-01', 'admin@mail.dev',
  '$2a$10$HjaSqK6GJxQi9OoxTKlTu.QrxJb6roOUL3FBFgMi7ENSylC29Gr7q');
INSERT INTO users_roles (user_id, role_id) VALUES (1, 1);
INSERT INTO addresses (country_id, city, street, postalCode, house, apartment, user_id)
  VALUES (2,'City', 'Street', 'Postal code', '1', '1', 1);

-- manager
INSERT INTO users (user_id, first_name, last_name, date_of_birth, email, password)
  VALUES (2, 'Manager', 'Lastname', '2000-01-01', 'manager@mail.dev',
          '$2a$10$HjaSqK6GJxQi9OoxTKlTu.QrxJb6roOUL3FBFgMi7ENSylC29Gr7q');
INSERT INTO users_roles (user_id, role_id) VALUES (2, 2);
INSERT INTO addresses (country_id, city, street, postalCode, house, apartment, user_id)
  VALUES (2,'City', 'Street', 'Postal code', '1', '1', 2);

-- client 1
INSERT INTO users (user_id, first_name, last_name, date_of_birth, email, password)
  VALUES (3, 'Client', 'Lastname', '2000-01-01', 'client@mail.dev',
          '$2a$10$HjaSqK6GJxQi9OoxTKlTu.QrxJb6roOUL3FBFgMi7ENSylC29Gr7q');
INSERT INTO users_roles (user_id, role_id) VALUES (3, 3);
INSERT INTO addresses (country_id, city, street, postalCode, house, apartment, user_id)
  VALUES (2, 'City', 'Street', 'Postal code', '1', '1', 3);

-- client 2
INSERT INTO users (user_id, first_name, last_name, date_of_birth, email, password)
VALUES (4, 'Andrei', 'Sidorov', '2000-01-01', 'a2sidorov@gmail.com',
        '$2a$10$HjaSqK6GJxQi9OoxTKlTu.QrxJb6roOUL3FBFgMi7ENSylC29Gr7q');
INSERT INTO users_roles (user_id, role_id) VALUES (4, 3);
INSERT INTO addresses (country_id, city, street, postalCode, house, apartment, user_id)
  VALUES (2, 'City', 'Street', 'Postal code', '1', '1', 4);

-- CREATING PRODUCT CATEGORIES
INSERT INTO categories (category_id, name, type, parentCategory_category_id)
  VALUES (1, 'Circuit breakers', 'folder', null);

INSERT INTO categories (category_id, name, type, parentCategory_category_id)
  VALUES (2, 'Miniature circuit breakers', 'category', 1);

INSERT INTO categories (category_id, name, type, parentCategory_category_id)
  VALUES (3, 'Molded-case circuit breaker', 'category', 1);

INSERT INTO categories (category_id, name, type, parentCategory_category_id)
  VALUES (4, 'Air Circuit Breaker', 'category', 1);

INSERT INTO categories (category_id, name, type, parentCategory_category_id)
  VALUES (5, 'Enclosures', 'folder', null);

INSERT INTO categories (category_id, name, type, parentCategory_category_id)
  VALUES (6, 'Modular enclosures', 'category', 5);

INSERT INTO categories (category_id, name, type, parentCategory_category_id)
  VALUES (7, 'Wall-mounting enclosures', 'category', 5);

INSERT INTO categories (category_id, name, type, parentCategory_category_id)
  VALUES (8, 'Wall-standing enclosures', 'category', 5);

-- CREATING MEASURE UNITS
INSERT INTO measure_units (name) VALUES ('pieces');
*/
/*
-- CREATING PRODUCTS
-- IC60N 1P 6A
INSERT INTO products (product_id, name, selling_price, image_url, height, width, depth, weight, quantity_in_stock,
                      quantity_reserved, sale_count, category_id, measure_units_id)
  VALUES (1, 'IC60N - miniature circuit breaker - 1P - 6A - C curve', 20.00,
          '/resources/img/small_a9f79106.jpg',
          0.085, 0.085, 0.0785, 0.018, 15, 0, 0, 2, 1);

INSERT INTO prices (creation_date, price, product_id)
  VALUES ('2019-04-04', 5.00, 1);

-- IC60N 1P 10A
INSERT INTO products (product_id, name, selling_price, image_url, height, width, depth, weight, quantity_in_stock,
                      quantity_reserved, sale_count, category_id, measure_units_id)
  VALUES (2, 'IC60N - miniature circuit breaker - 1P - 10A - C curve', 20.00,
            '/resources/img/small_a9f79106.jpg',
            0.085, 0.085, 0.0785, 0.018, 14, 0, 0, 2, 1);

INSERT INTO prices (creation_date, price, product_id)
  VALUES ('2019-04-04', 5.00, 2);

-- IC60N 1P 16A
INSERT INTO products (product_id, name, selling_price, image_url, height, width, depth, weight, quantity_in_stock,
                      quantity_reserved, sale_count, category_id, measure_units_id)
  VALUES (3, 'IC60N - miniature circuit breaker - 1P - 16A - C curve', 20.00,
          '/resources/img/small_a9f79106.jpg',
          0.085, 0.085, 0.0785, 0.018, 13, 0, 0, 2, 1);

INSERT INTO prices (creation_date, price, product_id)
  VALUES ('2019-04-04', 5.00, 3);

-- NSX100 1P 100A
INSERT INTO products (product_id, name, selling_price, image_url, height, width, depth, weight, quantity_in_stock,
                      quantity_reserved, sale_count, category_id, measure_units_id)
  VALUES (4, 'Compact NSX100B - TMD - 100A', 20.00,
          '/resources/img/ODAPB103191_288x288.PNG',
          0.161, 0.105, 0.086, 0.5, 5, 0, 0, 3, 1);

INSERT INTO prices (creation_date, price, product_id)
  VALUES ('2019-04-04', 200.00, 4);

-- NSX250B 3P 160A
INSERT INTO products (product_id, name, selling_price, image_url, height, width, depth, weight, quantity_in_stock,
                      quantity_reserved, sale_count, category_id, measure_units_id)
VALUES (5, 'Compact NSX250B - TMD - 160A', 20.00,
        '/resources/img/ODAPB103191_288x288.PNG',
        0.161, 0.105, 0.086, 0.5, 5, 0, 0, 3, 1);
INSERT INTO prices (creation_date, price, product_id)
VALUES ('2019-04-04', 200.00, 5);

-- NSX250B 3P 200A
INSERT INTO products (product_id, name, selling_price, image_url, height, width, depth, weight, quantity_in_stock,
                      quantity_reserved, sale_count, category_id, measure_units_id)
VALUES (6, 'Compact NSX250B - TMD - 200A', 20.00,
        '/resources/img/ODAPB103191_288x288.PNG',
        0.161, 0.105, 0.086, 0.5, 5, 0, 0, 3, 1);
INSERT INTO prices (creation_date, price, product_id)
VALUES ('2019-04-04', 200.00, 6);

-- NSX250B 3P 250A
INSERT INTO products (product_id, name, selling_price, image_url, height, width, depth, weight, quantity_in_stock,
                      quantity_reserved, sale_count, category_id, measure_units_id)
VALUES (7, 'Compact NSX250B - TMD - 250A', 20.00,
        '/resources/img/ODAPB103191_288x288.PNG',
        0.161, 0.105, 0.086, 0.5, 5, 0, 0, 3, 1);
INSERT INTO prices (creation_date, price, product_id)
VALUES ('2019-04-04', 200.00, 7);

-- Hensel KV
INSERT INTO products (product_id, name, selling_price, image_url, height, width, depth, weight, quantity_in_stock,
                      quantity_reserved, sale_count, category_id, measure_units_id)
  VALUES (8, 'Hensel KV 9336 Enclosure IP 65', 20.00,
          '/resources/img/hensel-box.jpeg',
          0.6, 0.3, 0.1, 4.5, 1, 0, 0, 6, 1);
INSERT INTO prices (creation_date, price, product_id)
  VALUES ('2019-04-04', 75.00, 8);

-- Spacial CRN
INSERT INTO products (product_id, name, selling_price, image_url, height, width, depth, weight, quantity_in_stock,
                      quantity_reserved, sale_count, category_id, measure_units_id)
  VALUES (9, 'Spacial CRN', 20.00,
          '/resources/img/wall-mounted.jpeg',
          0.8, 0.6, 0.2, 20.5, 1, 0, 0, 7, 1);
INSERT INTO prices (creation_date, price, product_id)
  VALUES ('2019-04-04', 400.00, 9);

-- Spacial SFX
INSERT INTO products (product_id, name, selling_price, image_url, height, width, depth, weight, quantity_in_stock,
                      quantity_reserved, sale_count, category_id, measure_units_id)
  VALUES (10, 'Spacial SFX', 20.00,
          '/resources/img/2545_main_web.JPG',
          2.0, 1.0, 0.5, 40.5, 1, 0, 0, 8, 1);
INSERT INTO prices (creation_date, price, product_id)
  VALUES ('2019-04-04', 400.00, 10);

-- EasyPact MVC 4000
INSERT INTO products (product_id, name, selling_price, image_url, height, width, depth, weight, quantity_in_stock,
                      quantity_reserved, sale_count, category_id, measure_units_id)
  VALUES (11, 'EasyPact MVS 4000A', 20.00,
          '/resources/img/MVS400_4000A_web.JPG',
          0.5, 0.5, 0.5, 50.5, 1, 0, 0, 4, 1);
INSERT INTO prices (creation_date, price, product_id)
  VALUES ('2019-04-04', 3000.00, 11);

-- EasyPact MVC 2500
INSERT INTO products (product_id, name, selling_price, image_url, height, width, depth, weight, quantity_in_stock,
                      quantity_reserved, sale_count, category_id, measure_units_id)
VALUES (12, 'EasyPact MVS 2500A', 20.00,
        '/resources/img/MVS400_4000A_web.JPG',
        0.5, 0.5, 0.5, 50.5, 1, 0, 0, 4, 1);
INSERT INTO prices (creation_date, price, product_id)
VALUES ('2019-04-04', 1600.00, 12);

*/


-- CREATING ORDERS

/*
INSERT INTO orders (order_id, creation_date_time, order_status, payment_method,
                    payment_status, shipping_method, total_purchasing_price,
                    total_selling_price, address_id, user_id)
  VALUES (1, '2018-01-01 12:11:00', 1, 0, 0, 0, 1000.00,
         100.00, 2, 2);
INSERT INTO orders_products (selling_price, quantity, product_id, order_id)
  VALUES (140.00, 10, 3, 1);

INSERT INTO orders (order_id, creation_date_time, order_status, payment_method,
                    payment_status, shipping_method, total_purchasing_price,
                    total_selling_price, address_id, user_id)
  VALUES (2, '2018-02-04 12:11:00', 1, 0, 0, 0, 5.00,
          200.00, 2, 2);
INSERT INTO orders_products (selling_price, quantity, product_id, order_id)
  VALUES (7.00, 1, 1, 2);

INSERT INTO orders (order_id, creation_date_time, order_status, payment_method,
                    payment_status, shipping_method, total_purchasing_price,
                    total_selling_price, address_id, user_id)
VALUES (3, '2018-03-04 12:11:00', 1, 0, 0, 0, 5.00,
        300.00, 2, 2);
INSERT INTO orders_products (selling_price, quantity, product_id, order_id)
VALUES (7.00, 1, 1, 3);

INSERT INTO orders (order_id, creation_date_time, order_status, payment_method,
                    payment_status, shipping_method, total_purchasing_price,
                    total_selling_price, address_id, user_id)
VALUES (4, '2018-04-04 12:11:00', 1, 0, 0, 0, 5.00,
        400.00, 2, 3);
INSERT INTO orders_products (selling_price, quantity, product_id, order_id)
VALUES (7.00, 1, 1, 4);

INSERT INTO orders (order_id, creation_date_time, order_status, payment_method,
                    payment_status, shipping_method, total_purchasing_price,
                    total_selling_price, address_id, user_id)
VALUES (5, '2018-04-04 12:11:00', 1, 0, 0, 0, 5.00,
        500.00, 2, 3);
INSERT INTO orders_products (selling_price, quantity, product_id, order_id)
VALUES (7.00, 1, 1, 5);

INSERT INTO orders (order_id, creation_date_time, order_status, payment_method,
                    payment_status, shipping_method, total_purchasing_price,
                    total_selling_price, address_id, user_id)
VALUES (6, '2018-08-04 12:11:00', 1, 0, 0, 0, 5.00,
        600.00, 2, 3);
INSERT INTO orders_products (selling_price, quantity, product_id, order_id)
VALUES (7.00, 1, 1, 6);

INSERT INTO orders (order_id, creation_date_time, order_status, payment_method,
                    payment_status, shipping_method, total_purchasing_price,
                    total_selling_price, address_id, user_id)
VALUES (7, '2019-01-20 12:11:00', 1, 0, 0, 0, 5.00,
        700.00, 2, 3);
INSERT INTO orders_products (selling_price, quantity, product_id, order_id)
VALUES (7.00, 1, 1, 7);

INSERT INTO orders (order_id, creation_date_time, order_status, payment_method,
                    payment_status, shipping_method, total_purchasing_price,
                    total_selling_price, address_id, user_id)
VALUES (8, '2019-04-20 12:11:00', 3, 0, 0, 0, 5.00,
        800.00, 2, 3);
INSERT INTO orders_products (selling_price, quantity, product_id, order_id)
VALUES (7.00, 1, 1, 8);

INSERT INTO orders (order_id, creation_date_time, order_status, payment_method,
                    payment_status, shipping_method, total_purchasing_price,
                    total_selling_price, address_id, user_id)
VALUES (9, '2019-04-25 12:11:00', 3, 0, 0, 0, 5.00,
        900.00, 2, 3);
INSERT INTO orders_products (selling_price, quantity, product_id, order_id)
VALUES (7.00, 1, 1, 9);

INSERT INTO orders (order_id, creation_date_time, order_status, payment_method,
                    payment_status, shipping_method, total_purchasing_price,
                    total_selling_price, address_id, user_id)
VALUES (10, '2019-05-01 12:11:00', 2, 0, 0, 0, 5.00,
        1000.00, 2, 3);
INSERT INTO orders_products (selling_price, quantity, product_id, order_id)
VALUES (7.00, 1, 1, 10);

INSERT INTO orders (order_id, creation_date_time, order_status, payment_method,
                    payment_status, shipping_method, total_purchasing_price,
                    total_selling_price, address_id, user_id)
VALUES (11, '2019-05-04 12:11:00', 1, 0, 0, 0, 5.00,
        1100.00, 2, 3);
INSERT INTO orders_products (selling_price, quantity, product_id, order_id)
VALUES (7.00, 1, 1, 11);

*/
